timestamp,aqi
2026-06-01T00:00:00,138.39
2026-06-01T01:00:00,159.4
2026-06-01T02:00:00,149.52
2026-06-01T03:00:00,131.17
2026-06-01T04:00:00,143.9
2026-06-01T05:00:00,150.26
2026-06-01T06:00:00,149.65
2026-06-01T07:00:00,151.95
2026-06-01T08:00:00,143.41
2026-06-01T09:00:00,141.35
2026-06-01T10:00:00,142.09
2026-06-01T11:00:00,148.81
2026-06-01T12:00:00,130.68
2026-06-01T13:00:00,135.68
2026-06-01T14:00:00,137.71
2026-06-01T15:00:00,127.92
2026-06-01T16:00:00,138.22
2026-06-01T17:00:00,136.73
2026-06-01T18:00:00,110.39
2026-06-01T19:00:00,134.25
2026-06-01T20:00:00,150.62
2026-06-01T21:00:00,152.99
2026-06-01T22:00:00,145.78
2026-06-01T23:00:00,154.11
2026-06-02T00:00:00,145.22
2026-06-02T01:00:00,154.9
2026-06-02T02:00:00,151.93
2026-06-02T03:00:00,158.62
2026-06-02T04:00:00,172.27
2026-06-02T05:00:00,163.24
2026-06-02T06:00:00,148.19
2026-06-02T07:00:00,168.61
2026-06-02T08:00:00,152.8
2026-06-02T09:00:00,155.75
2026-06-02T10:00:00,144.24
2026-06-02T11:00:00,153.08
2026-06-02T12:00:00,147.49
2026-06-02T13:00:00,153.81
2026-06-02T14:00:00,134.35
2026-06-02T15:00:00,149.19
2026-06-02T16:00:00,111.2
2026-06-02T17:00:00,131.01
2026-06-02T18:00:00,123.24
2026-06-02T19:00:00,142.48
2026-06-02T20:00:00,150.5
2026-06-02T21:00:00,141.32
2026-06-02T22:00:00,158.08
2026-06-02T23:00:00,136.52
2026-06-03T00:00:00,126.59
2026-06-03T01:00:00,151.7
2026-06-03T02:00:00,158.1
2026-06-03T03:00:00,147.53
2026-06-03T04:00:00,167.12
2026-06-03T05:00:00,152.91
2026-06-03T06:00:00,151.44
2026-06-03T07:00:00,141.6
2026-06-03T08:00:00,130.85
2026-06-03T09:00:00,140.75
2026-06-03T10:00:00,159.33
2026-06-03T11:00:00,142.17
2026-06-03T12:00:00,133.9
2026-06-03T13:00:00,126.51
2026-06-03T14:00:00,140.91
2026-06-03T15:00:00,121.47
2026-06-03T16:00:00,137.06
2026-06-03T17:00:00,127.82
2026-06-03T18:00:00,130.28
2026-06-03T19:00:00,140.94
2026-06-03T20:00:00,124.58
2026-06-03T21:00:00,136.6
2026-06-03T22:00:00,121.47
2026-06-03T23:00:00,138.9
2026-06-04T00:00:00,136.47
2026-06-04T01:00:00,141.45
2026-06-04T02:00:00,146.71
2026-06-04T03:00:00,142.61
2026-06-04T04:00:00,131.61
2026-06-04T05:00:00,116.41
2026-06-04T06:00:00,146.96
2026-06-04T07:00:00,129.56
2026-06-04T08:00:00,118.27
2026-06-04T09:00:00,153.27
2026-06-04T10:00:00,130.27
2026-06-04T11:00:00,134.45
2026-06-04T12:00:00,129.72
2026-06-04T13:00:00,125.31
2026-06-04T14:00:00,119.73
2026-06-04T15:00:00,116.42
2026-06-04T16:00:00,146.61
2026-06-04T17:00:00,105.86
2026-06-04T18:00:00,117.39
2026-06-04T19:00:00,113.09
2026-06-04T20:00:00,129.73
2026-06-04T21:00:00,120.98
2026-06-04T22:00:00,121.79
2026-06-04T23:00:00,136.2
2026-06-05T00:00:00,143.47
2026-06-05T01:00:00,114.79
2026-06-05T02:00:00,108.35
2026-06-05T03:00:00,127.24
2026-06-05T04:00:00,136.48
2026-06-05T05:00:00,125.13
2026-06-05T06:00:00,134.21
2026-06-05T07:00:00,120.48
2026-06-05T08:00:00,151.67
2026-06-05T09:00:00,130.62
2026-06-05T10:00:00,116.79
2026-06-05T11:00:00,111.98
2026-06-05T12:00:00,121.36
2026-06-05T13:00:00,124.06
2026-06-05T14:00:00,100.78
2026-06-05T15:00:00,114.15
2026-06-05T16:00:00,121.48
2026-06-05T17:00:00,116.75
2026-06-05T18:00:00,120.19
2026-06-05T19:00:00,130.46
2026-06-05T20:00:00,81.01
2026-06-05T21:00:00,119.11
2026-06-05T22:00:00,92.59
2026-06-05T23:00:00,119.83
2026-06-06T00:00:00,136.48
2026-06-06T01:00:00,122.51
2026-06-06T02:00:00,115.13
2026-06-06T03:00:00,135.63
2026-06-06T04:00:00,128.8
2026-06-06T05:00:00,129.58
2026-06-06T06:00:00,150.98
2026-06-06T07:00:00,109.94
2026-06-06T08:00:00,118.36
2026-06-06T09:00:00,128.0
2026-06-06T10:00:00,135.53
2026-06-06T11:00:00,109.69
2026-06-06T12:00:00,113.87
2026-06-06T13:00:00,115.9
2026-06-06T14:00:00,113.49
2026-06-06T15:00:00,121.7
2026-06-06T16:00:00,112.76
2026-06-06T17:00:00,120.22
2026-06-06T18:00:00,100.1
2026-06-06T19:00:00,115.65
2026-06-06T20:00:00,115.59
2026-06-06T21:00:00,125.99
2026-06-06T22:00:00,146.17
2026-06-06T23:00:00,130.84
2026-06-07T00:00:00,123.27
2026-06-07T01:00:00,139.71
2026-06-07T02:00:00,133.68
2026-06-07T03:00:00,131.64
2026-06-07T04:00:00,130.26
2026-06-07T05:00:00,129.92
2026-06-07T06:00:00,123.48
2026-06-07T07:00:00,121.09
2026-06-07T08:00:00,141.39
2026-06-07T09:00:00,128.76
2026-06-07T10:00:00,132.94
2026-06-07T11:00:00,119.5
2026-06-07T12:00:00,133.58
2026-06-07T13:00:00,117.73
2026-06-07T14:00:00,109.25
2026-06-07T15:00:00,140.09
2026-06-07T16:00:00,124.42
2026-06-07T17:00:00,118.46
2026-06-07T18:00:00,120.04
2026-06-07T19:00:00,118.93
2026-06-07T20:00:00,129.46
2026-06-07T21:00:00,108.51
2026-06-07T22:00:00,107.42
2026-06-07T23:00:00,130.38
2026-06-08T00:00:00,122.84
2026-06-08T01:00:00,122.77
2026-06-08T02:00:00,155.16
2026-06-08T03:00:00,148.2
2026-06-08T04:00:00,149.06
2026-06-08T05:00:00,135.01
2026-06-08T06:00:00,162.35
2026-06-08T07:00:00,157.4
2026-06-08T08:00:00,130.23
2026-06-08T09:00:00,142.48
2026-06-08T10:00:00,137.43
2026-06-08T11:00:00,139.58
2026-06-08T12:00:00,150.17
2026-06-08T13:00:00,132.28
2026-06-08T14:00:00,145.8
2026-06-08T15:00:00,114.81
2026-06-08T16:00:00,126.36
2026-06-08T17:00:00,128.47
2026-06-08T18:00:00,127.2
2026-06-08T19:00:00,134.15
2026-06-08T20:00:00,136.77
2026-06-08T21:00:00,139.06
2026-06-08T22:00:00,148.02
2026-06-08T23:00:00,148.21
2026-06-09T00:00:00,130.38
2026-06-09T01:00:00,150.29
2026-06-09T02:00:00,143.39
2026-06-09T03:00:00,160.28
2026-06-09T04:00:00,166.23
2026-06-09T05:00:00,161.47
2026-06-09T06:00:00,172.92
2026-06-09T07:00:00,159.51
2026-06-09T08:00:00,161.06
2026-06-09T09:00:00,139.84
2026-06-09T10:00:00,146.56
2026-06-09T11:00:00,152.55
2026-06-09T12:00:00,146.27
2026-06-09T13:00:00,131.31
2026-06-09T14:00:00,129.72
2026-06-09T15:00:00,118.82
2026-06-09T16:00:00,142.12
2026-06-09T17:00:00,126.45
2026-06-09T18:00:00,145.43
2026-06-09T19:00:00,146.74
2026-06-09T20:00:00,142.37
2026-06-09T21:00:00,145.77
2026-06-09T22:00:00,154.37
2026-06-09T23:00:00,157.69
2026-06-10T00:00:00,117.47
2026-06-10T01:00:00,151.5
2026-06-10T02:00:00,150.59
2026-06-10T03:00:00,149.62
2026-06-10T04:00:00,152.28
2026-06-10T05:00:00,143.85
2026-06-10T06:00:00,120.69
2026-06-10T07:00:00,139.67
2026-06-10T08:00:00,125.07
2026-06-10T09:00:00,125.51
2026-06-10T10:00:00,153.7
2026-06-10T11:00:00,134.08
2026-06-10T12:00:00,141.16
2026-06-10T13:00:00,136.52
2026-06-10T14:00:00,149.71
2026-06-10T15:00:00,134.66
2026-06-10T16:00:00,126.56
2026-06-10T17:00:00,149.18
2026-06-10T18:00:00,127.66
2026-06-10T19:00:00,138.47
2026-06-10T20:00:00,140.51
2026-06-10T21:00:00,122.87
2026-06-10T22:00:00,148.4
2026-06-10T23:00:00,155.03
2026-06-11T00:00:00,118.54
2026-06-11T01:00:00,133.07
2026-06-11T02:00:00,148.97
2026-06-11T03:00:00,117.49
2026-06-11T04:00:00,143.0
2026-06-11T05:00:00,122.58
2026-06-11T06:00:00,132.55
2026-06-11T07:00:00,133.01
2026-06-11T08:00:00,121.22
2026-06-11T09:00:00,122.66
2026-06-11T10:00:00,130.14
2026-06-11T11:00:00,144.22
2026-06-11T12:00:00,132.5
2026-06-11T13:00:00,107.44
2026-06-11T14:00:00,129.11
2026-06-11T15:00:00,123.29
2026-06-11T16:00:00,115.17
2026-06-11T17:00:00,117.09
2026-06-11T18:00:00,127.62
2026-06-11T19:00:00,105.59
2026-06-11T20:00:00,116.92
2026-06-11T21:00:00,112.93
2026-06-11T22:00:00,118.48
2026-06-11T23:00:00,132.77
2026-06-12T00:00:00,122.72
2026-06-12T01:00:00,131.31
2026-06-12T02:00:00,100.62
2026-06-12T03:00:00,123.58
2026-06-12T04:00:00,126.09
2026-06-12T05:00:00,109.48
2026-06-12T06:00:00,119.67
2026-06-12T07:00:00,126.28
2026-06-12T08:00:00,128.89
2026-06-12T09:00:00,127.68
2026-06-12T10:00:00,100.44
2026-06-12T11:00:00,113.32
2026-06-12T12:00:00,101.56
2026-06-12T13:00:00,116.59
2026-06-12T14:00:00,110.42
2026-06-12T15:00:00,107.15
2026-06-12T16:00:00,148.15
2026-06-12T17:00:00,101.51
2026-06-12T18:00:00,113.15
2026-06-12T19:00:00,119.32
2026-06-12T20:00:00,119.15
2026-06-12T21:00:00,123.07
2026-06-12T22:00:00,122.36
2026-06-12T23:00:00,116.69
2026-06-13T00:00:00,122.31
2026-06-13T01:00:00,116.71
2026-06-13T02:00:00,117.25
2026-06-13T03:00:00,112.05
2026-06-13T04:00:00,135.93
2026-06-13T05:00:00,139.64
2026-06-13T06:00:00,120.79
2026-06-13T07:00:00,125.66
2026-06-13T08:00:00,142.96
2026-06-13T09:00:00,136.2
2026-06-13T10:00:00,131.92
2026-06-13T11:00:00,123.21
2026-06-13T12:00:00,111.48
2026-06-13T13:00:00,110.98
2026-06-13T14:00:00,117.75
2026-06-13T15:00:00,118.85
2026-06-13T16:00:00,102.65
2026-06-13T17:00:00,126.78
2026-06-13T18:00:00,128.81
2026-06-13T19:00:00,122.79
2026-06-13T20:00:00,131.75
2026-06-13T21:00:00,123.73
2026-06-13T22:00:00,121.47
2026-06-13T23:00:00,120.89
2026-06-14T00:00:00,127.52
2026-06-14T01:00:00,132.69
2026-06-14T02:00:00,122.78
2026-06-14T03:00:00,134.45
2026-06-14T04:00:00,123.23
2026-06-14T05:00:00,127.51
2026-06-14T06:00:00,149.58
2026-06-14T07:00:00,148.34
2026-06-14T08:00:00,124.97
2026-06-14T09:00:00,142.25
2026-06-14T10:00:00,124.47
2026-06-14T11:00:00,121.77
2026-06-14T12:00:00,142.52
2026-06-14T13:00:00,113.43
2026-06-14T14:00:00,104.32
2026-06-14T15:00:00,115.52
2026-06-14T16:00:00,115.51
2026-06-14T17:00:00,117.79
2026-06-14T18:00:00,103.22
2026-06-14T19:00:00,126.74
2026-06-14T20:00:00,144.89
2026-06-14T21:00:00,128.85
2026-06-14T22:00:00,124.84
2026-06-14T23:00:00,136.49
2026-06-15T00:00:00,142.83
2026-06-15T01:00:00,144.37
2026-06-15T02:00:00,144.32
2026-06-15T03:00:00,148.76
2026-06-15T04:00:00,142.56
2026-06-15T05:00:00,129.41
2026-06-15T06:00:00,167.4
2026-06-15T07:00:00,152.16
2026-06-15T08:00:00,137.46
2026-06-15T09:00:00,147.54
2026-06-15T10:00:00,129.51
2026-06-15T11:00:00,144.25
2026-06-15T12:00:00,146.37
2026-06-15T13:00:00,147.83
2026-06-15T14:00:00,141.24
2026-06-15T15:00:00,131.75
2026-06-15T16:00:00,144.4
2026-06-15T17:00:00,126.82
2026-06-15T18:00:00,136.43
2026-06-15T19:00:00,125.85
2026-06-15T20:00:00,137.56
2026-06-15T21:00:00,152.97
2026-06-15T22:00:00,146.77
2026-06-15T23:00:00,150.28
2026-06-16T00:00:00,159.15
2026-06-16T01:00:00,147.87
2026-06-16T02:00:00,140.52
2026-06-16T03:00:00,130.87
2026-06-16T04:00:00,140.05
2026-06-16T05:00:00,153.5
2026-06-16T06:00:00,129.6
2026-06-16T07:00:00,153.18
2026-06-16T08:00:00,155.51
2026-06-16T09:00:00,131.37
2026-06-16T10:00:00,156.5
2026-06-16T11:00:00,140.33
2026-06-16T12:00:00,125.11
2026-06-16T13:00:00,122.74
2026-06-16T14:00:00,139.26
2026-06-16T15:00:00,139.67
2026-06-16T16:00:00,137.86
2026-06-16T17:00:00,149.19
2026-06-16T18:00:00,138.73
2026-06-16T19:00:00,132.39
2026-06-16T20:00:00,136.4
2026-06-16T21:00:00,153.32
2026-06-16T22:00:00,130.84
2026-06-16T23:00:00,146.78
2026-06-17T00:00:00,144.26
2026-06-17T01:00:00,154.99
2026-06-17T02:00:00,146.46
2026-06-17T03:00:00,135.85
2026-06-17T04:00:00,149.19
2026-06-17T05:00:00,155.23
2026-06-17T06:00:00,148.6
2026-06-17T07:00:00,158.39
2026-06-17T08:00:00,130.81
2026-06-17T09:00:00,141.95
2026-06-17T10:00:00,142.0
2026-06-17T11:00:00,148.57
2026-06-17T12:00:00,148.1
2026-06-17T13:00:00,136.74
2026-06-17T14:00:00,131.01
2026-06-17T15:00:00,135.91
2026-06-17T16:00:00,120.58
2026-06-17T17:00:00,127.51
2026-06-17T18:00:00,139.42
2026-06-17T19:00:00,137.77
2026-06-17T20:00:00,127.75
2026-06-17T21:00:00,127.93
2026-06-17T22:00:00,129.48
2026-06-17T23:00:00,132.1
2026-06-18T00:00:00,132.63
2026-06-18T01:00:00,145.96
2026-06-18T02:00:00,148.77
2026-06-18T03:00:00,125.23
2026-06-18T04:00:00,139.71
2026-06-18T05:00:00,139.42
2026-06-18T06:00:00,138.39
2026-06-18T07:00:00,124.59
2026-06-18T08:00:00,126.02
2026-06-18T09:00:00,136.48
2026-06-18T10:00:00,126.71
2026-06-18T11:00:00,130.07
2026-06-18T12:00:00,116.06
2026-06-18T13:00:00,120.08
2026-06-18T14:00:00,109.31
2026-06-18T15:00:00,125.75
2026-06-18T16:00:00,118.3
2026-06-18T17:00:00,124.82
2026-06-18T18:00:00,118.12
2026-06-18T19:00:00,125.47
2026-06-18T20:00:00,143.89
2026-06-18T21:00:00,119.77
2026-06-18T22:00:00,132.68
2026-06-18T23:00:00,121.89
2026-06-19T00:00:00,120.74
2026-06-19T01:00:00,129.13
2026-06-19T02:00:00,128.53
2026-06-19T03:00:00,134.15
2026-06-19T04:00:00,137.78
2026-06-19T05:00:00,134.81
2026-06-19T06:00:00,137.37
2026-06-19T07:00:00,128.86
2026-06-19T08:00:00,117.35
2026-06-19T09:00:00,132.67
2026-06-19T10:00:00,117.92
2026-06-19T11:00:00,127.89
2026-06-19T12:00:00,104.58
2026-06-19T13:00:00,112.74
2026-06-19T14:00:00,107.56
2026-06-19T15:00:00,118.34
2026-06-19T16:00:00,106.96
2026-06-19T17:00:00,112.91
2026-06-19T18:00:00,111.73
2026-06-19T19:00:00,125.35
2026-06-19T20:00:00,120.39
2026-06-19T21:00:00,119.9
2026-06-19T22:00:00,118.68
2026-06-19T23:00:00,111.88
2026-06-20T00:00:00,112.54
2026-06-20T01:00:00,126.97
2026-06-20T02:00:00,109.86
2026-06-20T03:00:00,126.14
2026-06-20T04:00:00,128.44
2026-06-20T05:00:00,111.98
2026-06-20T06:00:00,126.63
2026-06-20T07:00:00,126.58
2026-06-20T08:00:00,148.23
2026-06-20T09:00:00,123.97
2026-06-20T10:00:00,131.75
2026-06-20T11:00:00,125.16
2026-06-20T12:00:00,121.22
2026-06-20T13:00:00,125.78
2026-06-20T14:00:00,99.29
2026-06-20T15:00:00,113.05
2026-06-20T16:00:00,116.41
2026-06-20T17:00:00,102.49
2026-06-20T18:00:00,112.82
2026-06-20T19:00:00,115.09
2026-06-20T20:00:00,113.36
2026-06-20T21:00:00,106.95
2026-06-20T22:00:00,110.16
2026-06-20T23:00:00,116.8
2026-06-21T00:00:00,135.24
2026-06-21T01:00:00,133.79
2026-06-21T02:00:00,136.42
2026-06-21T03:00:00,132.83
2026-06-21T04:00:00,126.84
2026-06-21T05:00:00,132.94
2026-06-21T06:00:00,126.9
2026-06-21T07:00:00,102.03
2026-06-21T08:00:00,134.03
2026-06-21T09:00:00,129.82
2026-06-21T10:00:00,144.54
2026-06-21T11:00:00,136.65
2026-06-21T12:00:00,132.44
2026-06-21T13:00:00,114.48
2026-06-21T14:00:00,135.2
2026-06-21T15:00:00,124.4
2026-06-21T16:00:00,118.2
2026-06-21T17:00:00,113.28
2026-06-21T18:00:00,114.95
2026-06-21T19:00:00,120.06
2026-06-21T20:00:00,112.74
2026-06-21T21:00:00,125.95
2026-06-21T22:00:00,125.46
2026-06-21T23:00:00,136.7
2026-06-22T00:00:00,140.36
2026-06-22T01:00:00,123.71
2026-06-22T02:00:00,141.83
2026-06-22T03:00:00,133.95
2026-06-22T04:00:00,140.52
2026-06-22T05:00:00,136.93
2026-06-22T06:00:00,170.05
2026-06-22T07:00:00,142.6
2026-06-22T08:00:00,153.07
2026-06-22T09:00:00,140.31
2026-06-22T10:00:00,139.44
2026-06-22T11:00:00,134.84
2026-06-22T12:00:00,130.55
2026-06-22T13:00:00,129.05
2026-06-22T14:00:00,139.1
2026-06-22T15:00:00,133.18
2026-06-22T16:00:00,147.75
2026-06-22T17:00:00,130.47
2026-06-22T18:00:00,130.11
2026-06-22T19:00:00,134.32
2026-06-22T20:00:00,141.7
2026-06-22T21:00:00,137.81
2026-06-22T22:00:00,153.08
2026-06-22T23:00:00,168.5
2026-06-23T00:00:00,155.91
2026-06-23T01:00:00,152.77
2026-06-23T02:00:00,128.12
2026-06-23T03:00:00,166.5
2026-06-23T04:00:00,165.48
2026-06-23T05:00:00,169.09
2026-06-23T06:00:00,160.72
2026-06-23T07:00:00,140.79
2026-06-23T08:00:00,139.46
2026-06-23T09:00:00,136.58
2026-06-23T10:00:00,147.72
2026-06-23T11:00:00,137.25
2026-06-23T12:00:00,152.55
2026-06-23T13:00:00,135.07
2026-06-23T14:00:00,136.29
2026-06-23T15:00:00,141.64
2026-06-23T16:00:00,132.77
2026-06-23T17:00:00,127.8
2026-06-23T18:00:00,118.1
2026-06-23T19:00:00,149.01
2026-06-23T20:00:00,129.79
2026-06-23T21:00:00,137.21
2026-06-23T22:00:00,139.09
2026-06-23T23:00:00,122.36
2026-06-24T00:00:00,145.16
2026-06-24T01:00:00,159.2
2026-06-24T02:00:00,155.79
2026-06-24T03:00:00,142.23
2026-06-24T04:00:00,158.68
2026-06-24T05:00:00,128.24
2026-06-24T06:00:00,156.22
2026-06-24T07:00:00,138.29
2026-06-24T08:00:00,155.83
2026-06-24T09:00:00,144.07
2026-06-24T10:00:00,128.69
2026-06-24T11:00:00,142.79
2026-06-24T12:00:00,138.22
2026-06-24T13:00:00,139.09
2026-06-24T14:00:00,126.16
2026-06-24T15:00:00,120.96
2026-06-24T16:00:00,139.88
2026-06-24T17:00:00,132.15
2026-06-24T18:00:00,139.45
2026-06-24T19:00:00,139.98
2026-06-24T20:00:00,142.82
2026-06-24T21:00:00,154.33
2026-06-24T22:00:00,140.46
2026-06-24T23:00:00,129.17
2026-06-25T00:00:00,122.5
2026-06-25T01:00:00,129.55
2026-06-25T02:00:00,136.56
2026-06-25T03:00:00,150.54
2026-06-25T04:00:00,134.54
2026-06-25T05:00:00,154.79
2026-06-25T06:00:00,155.51
2026-06-25T07:00:00,140.07
2026-06-25T08:00:00,141.11
2026-06-25T09:00:00,127.63
2026-06-25T10:00:00,149.43
2026-06-25T11:00:00,122.06
2026-06-25T12:00:00,140.43
2026-06-25T13:00:00,114.11
2026-06-25T14:00:00,131.02
2026-06-25T15:00:00,135.1
2026-06-25T16:00:00,132.12
2026-06-25T17:00:00,116.76
2026-06-25T18:00:00,119.18
2026-06-25T19:00:00,139.8
2026-06-25T20:00:00,118.47
2026-06-25T21:00:00,120.34
2026-06-25T22:00:00,143.82
2026-06-25T23:00:00,128.45
2026-06-26T00:00:00,121.58
2026-06-26T01:00:00,144.15
2026-06-26T02:00:00,118.31
2026-06-26T03:00:00,118.51
2026-06-26T04:00:00,129.23
2026-06-26T05:00:00,127.86
2026-06-26T06:00:00,118.68
2026-06-26T07:00:00,135.38
2026-06-26T08:00:00,125.53
2026-06-26T09:00:00,124.58
2026-06-26T10:00:00,122.08
2026-06-26T11:00:00,108.75
2026-06-26T12:00:00,109.4
2026-06-26T13:00:00,99.25
2026-06-26T14:00:00,127.69
2026-06-26T15:00:00,114.04
2026-06-26T16:00:00,124.25
2026-06-26T17:00:00,108.12
2026-06-26T18:00:00,125.96
2026-06-26T19:00:00,96.27
2026-06-26T20:00:00,125.91
2026-06-26T21:00:00,115.85
2026-06-26T22:00:00,103.21
2026-06-26T23:00:00,89.28
2026-06-27T00:00:00,127.71
2026-06-27T01:00:00,134.81
2026-06-27T02:00:00,126.09
2026-06-27T03:00:00,133.19
2026-06-27T04:00:00,132.17
2026-06-27T05:00:00,128.11
2026-06-27T06:00:00,137.8
2026-06-27T07:00:00,110.26
2026-06-27T08:00:00,126.45
2026-06-27T09:00:00,131.37
2026-06-27T10:00:00,117.21
2026-06-27T11:00:00,123.07
2026-06-27T12:00:00,105.44
2026-06-27T13:00:00,117.48
2026-06-27T14:00:00,107.23
2026-06-27T15:00:00,108.34
2026-06-27T16:00:00,119.6
2026-06-27T17:00:00,93.7
2026-06-27T18:00:00,101.33
2026-06-27T19:00:00,122.03
2026-06-27T20:00:00,113.49
2026-06-27T21:00:00,108.63
2026-06-27T22:00:00,123.41
2026-06-27T23:00:00,108.14
2026-06-28T00:00:00,118.47
2026-06-28T01:00:00,130.46
2026-06-28T02:00:00,132.71
2026-06-28T03:00:00,127.2
2026-06-28T04:00:00,133.18
2026-06-28T05:00:00,150.98
2026-06-28T06:00:00,135.67
2026-06-28T07:00:00,122.68
2026-06-28T08:00:00,134.45
2026-06-28T09:00:00,109.37
2026-06-28T10:00:00,148.67
2026-06-28T11:00:00,116.02
2026-06-28T12:00:00,129.48
2026-06-28T13:00:00,127.25
2026-06-28T14:00:00,115.39
2026-06-28T15:00:00,137.14
2026-06-28T16:00:00,144.77
2026-06-28T17:00:00,113.67
2026-06-28T18:00:00,129.97
2026-06-28T19:00:00,112.02
2026-06-28T20:00:00,138.57
2026-06-28T21:00:00,139.44
2026-06-28T22:00:00,138.38
2026-06-28T23:00:00,110.92
2026-06-29T00:00:00,136.04
2026-06-29T01:00:00,137.93
2026-06-29T02:00:00,138.68
2026-06-29T03:00:00,160.98
2026-06-29T04:00:00,127.16
2026-06-29T05:00:00,151.6
2026-06-29T06:00:00,155.25
2026-06-29T07:00:00,138.61
2026-06-29T08:00:00,150.73
2026-06-29T09:00:00,148.54
2026-06-29T10:00:00,138.95
2026-06-29T11:00:00,152.02
2026-06-29T12:00:00,132.23
2026-06-29T13:00:00,148.45
2026-06-29T14:00:00,136.43
2026-06-29T15:00:00,130.41
2026-06-29T16:00:00,130.67
2026-06-29T17:00:00,117.62
2026-06-29T18:00:00,129.17
2026-06-29T19:00:00,121.53
2026-06-29T20:00:00,137.94
2026-06-29T21:00:00,146.44
2026-06-29T22:00:00,143.3
2026-06-29T23:00:00,132.3
2026-06-30T00:00:00,143.98
2026-06-30T01:00:00,151.68
2026-06-30T02:00:00,153.75
2026-06-30T03:00:00,169.27
2026-06-30T04:00:00,158.83
2026-06-30T05:00:00,153.84
2026-06-30T06:00:00,153.1
2026-06-30T07:00:00,147.4
2026-06-30T08:00:00,150.08
2026-06-30T09:00:00,156.46
2026-06-30T10:00:00,139.06
2026-06-30T11:00:00,149.48
2026-06-30T12:00:00,141.9
2026-06-30T13:00:00,160.26
2026-06-30T14:00:00,143.12
2026-06-30T15:00:00,142.34
2026-06-30T16:00:00,128.61
2026-06-30T17:00:00,153.9
2026-06-30T18:00:00,143.62
2026-06-30T19:00:00,153.78
2026-06-30T20:00:00,137.9
2026-06-30T21:00:00,141.41
2026-06-30T22:00:00,128.09
2026-06-30T23:00:00,165.33
2026-07-01T00:00:00,146.07
2026-07-01T01:00:00,164.15
2026-07-01T02:00:00,141.39
2026-07-01T03:00:00,151.56
2026-07-01T04:00:00,158.0
2026-07-01T05:00:00,150.95
2026-07-01T06:00:00,143.4
2026-07-01T07:00:00,141.11
2026-07-01T08:00:00,141.36
2026-07-01T09:00:00,173.06
2026-07-01T10:00:00,135.1
2026-07-01T11:00:00,118.22
2026-07-01T12:00:00,138.61
2026-07-01T13:00:00,136.74
2026-07-01T14:00:00,131.52
2026-07-01T15:00:00,127.01
2026-07-01T16:00:00,130.12
2026-07-01T17:00:00,118.38
2026-07-01T18:00:00,152.71
2026-07-01T19:00:00,136.57
2026-07-01T20:00:00,136.33
2026-07-01T21:00:00,148.09
2026-07-01T22:00:00,168.08
2026-07-01T23:00:00,135.72
2026-07-02T00:00:00,134.38
2026-07-02T01:00:00,141.57
2026-07-02T02:00:00,141.83
2026-07-02T03:00:00,145.32
2026-07-02T04:00:00,146.18
2026-07-02T05:00:00,131.8
2026-07-02T06:00:00,149.21
2026-07-02T07:00:00,134.1
2026-07-02T08:00:00,137.27
2026-07-02T09:00:00,139.45
2026-07-02T10:00:00,123.12
2026-07-02T11:00:00,133.84
2026-07-02T12:00:00,134.03
2026-07-02T13:00:00,104.65
2026-07-02T14:00:00,139.4
2026-07-02T15:00:00,113.84
2026-07-02T16:00:00,125.13
2026-07-02T17:00:00,138.71
2026-07-02T18:00:00,129.34
2026-07-02T19:00:00,134.32
2026-07-02T20:00:00,136.24
2026-07-02T21:00:00,120.12
2026-07-02T22:00:00,115.87
2026-07-02T23:00:00,133.71
2026-07-03T00:00:00,130.03
2026-07-03T01:00:00,136.06
2026-07-03T02:00:00,134.0
2026-07-03T03:00:00,121.14
2026-07-03T04:00:00,136.94
2026-07-03T05:00:00,104.38
2026-07-03T06:00:00,141.24
2026-07-03T07:00:00,116.73
2026-07-03T08:00:00,115.35
2026-07-03T09:00:00,151.23
2026-07-03T10:00:00,122.75
2026-07-03T11:00:00,117.44
2026-07-03T12:00:00,105.7
2026-07-03T13:00:00,121.52
2026-07-03T14:00:00,123.89
2026-07-03T15:00:00,110.16
2026-07-03T16:00:00,89.69
2026-07-03T17:00:00,130.97
2026-07-03T18:00:00,110.15
2026-07-03T19:00:00,110.64
2026-07-03T20:00:00,114.82
2026-07-03T21:00:00,107.86
2026-07-03T22:00:00,132.47
2026-07-03T23:00:00,128.31
2026-07-04T00:00:00,127.55
2026-07-04T01:00:00,149.35
2026-07-04T02:00:00,117.74
2026-07-04T03:00:00,140.6
2026-07-04T04:00:00,102.8
2026-07-04T05:00:00,134.58
2026-07-04T06:00:00,152.09
2026-07-04T07:00:00,114.97
2026-07-04T08:00:00,143.45
2026-07-04T09:00:00,108.65
2026-07-04T10:00:00,144.98
2026-07-04T11:00:00,115.19
2026-07-04T12:00:00,110.24
2026-07-04T13:00:00,110.76
2026-07-04T14:00:00,115.51
2026-07-04T15:00:00,112.35
2026-07-04T16:00:00,112.74
2026-07-04T17:00:00,116.55
2026-07-04T18:00:00,115.97
2026-07-04T19:00:00,114.13
2026-07-04T20:00:00,110.35
2026-07-04T21:00:00,121.42
2026-07-04T22:00:00,122.59
2026-07-04T23:00:00,123.94
2026-07-05T00:00:00,130.99
2026-07-05T01:00:00,125.12
2026-07-05T02:00:00,135.05
2026-07-05T03:00:00,132.32
2026-07-05T04:00:00,113.35
2026-07-05T05:00:00,147.31
2026-07-05T06:00:00,138.92
2026-07-05T07:00:00,135.11
2026-07-05T08:00:00,139.95
2026-07-05T09:00:00,124.38
2026-07-05T10:00:00,145.89
2026-07-05T11:00:00,142.35
2026-07-05T12:00:00,114.42
2026-07-05T13:00:00,118.51
2026-07-05T14:00:00,131.41
2026-07-05T15:00:00,125.56
2026-07-05T16:00:00,121.94
2026-07-05T17:00:00,126.73
2026-07-05T18:00:00,101.56
2026-07-05T19:00:00,112.74
2026-07-05T20:00:00,117.41
2026-07-05T21:00:00,133.92
2026-07-05T22:00:00,103.58
2026-07-05T23:00:00,131.13
2026-07-06T00:00:00,137.86
2026-07-06T01:00:00,150.91
2026-07-06T02:00:00,154.12
2026-07-06T03:00:00,165.05
2026-07-06T04:00:00,134.17
2026-07-06T05:00:00,138.28
2026-07-06T06:00:00,147.6
2026-07-06T07:00:00,161.84
2026-07-06T08:00:00,149.99
2026-07-06T09:00:00,144.84
2026-07-06T10:00:00,155.41
2026-07-06T11:00:00,135.7
2026-07-06T12:00:00,151.07
2026-07-06T13:00:00,155.55
2026-07-06T14:00:00,133.3
2026-07-06T15:00:00,116.8
2026-07-06T16:00:00,134.73
2026-07-06T17:00:00,150.98
2026-07-06T18:00:00,138.58
2026-07-06T19:00:00,118.74
2026-07-06T20:00:00,149.0
2026-07-06T21:00:00,145.28
2026-07-06T22:00:00,149.27
2026-07-06T23:00:00,152.6
2026-07-07T00:00:00,140.93
2026-07-07T01:00:00,160.28
2026-07-07T02:00:00,143.02
2026-07-07T03:00:00,138.27
2026-07-07T04:00:00,142.86
2026-07-07T05:00:00,159.83
2026-07-07T06:00:00,147.46
2026-07-07T07:00:00,167.46
2026-07-07T08:00:00,162.33
2026-07-07T09:00:00,155.99
2026-07-07T10:00:00,162.01
2026-07-07T11:00:00,132.04
2026-07-07T12:00:00,153.62
2026-07-07T13:00:00,147.68
2026-07-07T14:00:00,125.87
2026-07-07T15:00:00,130.82
2026-07-07T16:00:00,136.28
2026-07-07T17:00:00,135.73
2026-07-07T18:00:00,137.59
2026-07-07T19:00:00,131.96
2026-07-07T20:00:00,156.2
2026-07-07T21:00:00,127.85
2026-07-07T22:00:00,129.91
2026-07-07T23:00:00,134.67
2026-07-08T00:00:00,135.02
2026-07-08T01:00:00,135.89
2026-07-08T02:00:00,163.71
2026-07-08T03:00:00,139.12
2026-07-08T04:00:00,145.74
2026-07-08T05:00:00,133.43
2026-07-08T06:00:00,141.9
2026-07-08T07:00:00,152.95
2026-07-08T08:00:00,152.67
2026-07-08T09:00:00,154.51
2026-07-08T10:00:00,130.96
2026-07-08T11:00:00,132.66
2026-07-08T12:00:00,147.2
2026-07-08T13:00:00,136.2
2026-07-08T14:00:00,134.32
2026-07-08T15:00:00,140.33
2026-07-08T16:00:00,144.09
2026-07-08T17:00:00,125.21
2026-07-08T18:00:00,132.01
2026-07-08T19:00:00,132.56
2026-07-08T20:00:00,124.37
2026-07-08T21:00:00,139.83
2026-07-08T22:00:00,132.34
2026-07-08T23:00:00,140.08
2026-07-09T00:00:00,138.15
2026-07-09T01:00:00,135.7
2026-07-09T02:00:00,124.47
2026-07-09T03:00:00,137.61
2026-07-09T04:00:00,137.61
2026-07-09T05:00:00,130.15
2026-07-09T06:00:00,126.57
2026-07-09T07:00:00,137.03
2026-07-09T08:00:00,118.81
2026-07-09T09:00:00,120.94
2026-07-09T10:00:00,116.82
2026-07-09T11:00:00,115.74
2026-07-09T12:00:00,121.94
2026-07-09T13:00:00,137.15
2026-07-09T14:00:00,130.78
2026-07-09T15:00:00,135.2
2026-07-09T16:00:00,115.41
2026-07-09T17:00:00,99.77
2026-07-09T18:00:00,115.58
2026-07-09T19:00:00,135.28
2026-07-09T20:00:00,119.7
2026-07-09T21:00:00,125.29
2026-07-09T22:00:00,124.91
2026-07-09T23:00:00,136.81
2026-07-10T00:00:00,131.32
2026-07-10T01:00:00,106.88
2026-07-10T02:00:00,98.68
2026-07-10T03:00:00,133.75
2026-07-10T04:00:00,124.92
2026-07-10T05:00:00,134.71
2026-07-10T06:00:00,124.16
2026-07-10T07:00:00,132.24
2026-07-10T08:00:00,123.87
2026-07-10T09:00:00,115.95
2026-07-10T10:00:00,117.76
2026-07-10T11:00:00,118.4
2026-07-10T12:00:00,125.11
2026-07-10T13:00:00,114.76
2026-07-10T14:00:00,103.37
2026-07-10T15:00:00,132.34
2026-07-10T16:00:00,116.74
2026-07-10T17:00:00,128.05
2026-07-10T18:00:00,101.31
2026-07-10T19:00:00,111.27
2026-07-10T20:00:00,117.31
2026-07-10T21:00:00,123.95
2026-07-10T22:00:00,97.69
2026-07-10T23:00:00,99.89
2026-07-11T00:00:00,114.91
2026-07-11T01:00:00,129.94
2026-07-11T02:00:00,118.01
2026-07-11T03:00:00,125.15
2026-07-11T04:00:00,127.83
2026-07-11T05:00:00,118.39
2026-07-11T06:00:00,143.35
2026-07-11T07:00:00,117.77
2026-07-11T08:00:00,102.65
2026-07-11T09:00:00,113.06
2026-07-11T10:00:00,112.95
2026-07-11T11:00:00,122.16
2026-07-11T12:00:00,120.86
2026-07-11T13:00:00,123.11
2026-07-11T14:00:00,135.84
2026-07-11T15:00:00,114.34
2026-07-11T16:00:00,122.6
2026-07-11T17:00:00,108.18
2026-07-11T18:00:00,116.52
2026-07-11T19:00:00,110.22
2026-07-11T20:00:00,113.57
2026-07-11T21:00:00,118.54
2026-07-11T22:00:00,129.28
2026-07-11T23:00:00,119.73
2026-07-12T00:00:00,130.39
2026-07-12T01:00:00,136.19
2026-07-12T02:00:00,143.9
2026-07-12T03:00:00,119.88
2026-07-12T04:00:00,138.77
2026-07-12T05:00:00,121.68
2026-07-12T06:00:00,150.47
2026-07-12T07:00:00,139.06
2026-07-12T08:00:00,147.67
2026-07-12T09:00:00,114.37
2026-07-12T10:00:00,129.08
2026-07-12T11:00:00,138.65
2026-07-12T12:00:00,142.65
2026-07-12T13:00:00,129.33
2026-07-12T14:00:00,119.28
2026-07-12T15:00:00,119.87
2026-07-12T16:00:00,110.67
2026-07-12T17:00:00,137.99
2026-07-12T18:00:00,129.31
2026-07-12T19:00:00,120.91
2026-07-12T20:00:00,130.02
2026-07-12T21:00:00,124.32
2026-07-12T22:00:00,123.96
2026-07-12T23:00:00,120.83
2026-07-13T00:00:00,133.89
2026-07-13T01:00:00,147.93
2026-07-13T02:00:00,156.75
2026-07-13T03:00:00,142.67
2026-07-13T04:00:00,138.36
2026-07-13T05:00:00,157.79
2026-07-13T06:00:00,147.93
2026-07-13T07:00:00,121.78
2026-07-13T08:00:00,137.42
2026-07-13T09:00:00,148.84
2026-07-13T10:00:00,133.25
2026-07-13T11:00:00,140.63
2026-07-13T12:00:00,124.52
2026-07-13T13:00:00,131.94
2026-07-13T14:00:00,123.02
2026-07-13T15:00:00,120.29
2026-07-13T16:00:00,124.78
2026-07-13T17:00:00,142.49
2026-07-13T18:00:00,137.73
2026-07-13T19:00:00,156.45
2026-07-13T20:00:00,128.46
2026-07-13T21:00:00,147.74
2026-07-13T22:00:00,158.71
2026-07-13T23:00:00,152.44
2026-07-14T00:00:00,159.39
2026-07-14T01:00:00,149.97
2026-07-14T02:00:00,152.67
2026-07-14T03:00:00,141.13
2026-07-14T04:00:00,122.58
2026-07-14T05:00:00,154.46
2026-07-14T06:00:00,141.4
2026-07-14T07:00:00,146.55
2026-07-14T08:00:00,140.99
2026-07-14T09:00:00,152.14
2026-07-14T10:00:00,144.64
2026-07-14T11:00:00,158.8
2026-07-14T12:00:00,135.14
2026-07-14T13:00:00,143.35
2026-07-14T14:00:00,137.77
2026-07-14T15:00:00,135.5
2026-07-14T16:00:00,137.18
2026-07-14T17:00:00,154.51
2026-07-14T18:00:00,147.32
2026-07-14T19:00:00,133.75
2026-07-14T20:00:00,133.21
2026-07-14T21:00:00,132.82
2026-07-14T22:00:00,144.44
2026-07-14T23:00:00,128.36
2026-07-15T00:00:00,139.64
2026-07-15T01:00:00,147.94
2026-07-15T02:00:00,137.25
2026-07-15T03:00:00,146.82
2026-07-15T04:00:00,150.0
2026-07-15T05:00:00,127.93
2026-07-15T06:00:00,149.33
2026-07-15T07:00:00,141.29
2026-07-15T08:00:00,165.5
2026-07-15T09:00:00,145.86
2026-07-15T10:00:00,131.83
2026-07-15T11:00:00,120.08
2026-07-15T12:00:00,137.66
2026-07-15T13:00:00,150.84
2026-07-15T14:00:00,128.33
2026-07-15T15:00:00,137.3
2026-07-15T16:00:00,141.27
2026-07-15T17:00:00,140.46
2026-07-15T18:00:00,133.1
2026-07-15T19:00:00,126.64
2026-07-15T20:00:00,132.17
2026-07-15T21:00:00,124.76
2026-07-15T22:00:00,127.9
2026-07-15T23:00:00,151.03
2026-07-16T00:00:00,134.69
2026-07-16T01:00:00,135.91
2026-07-16T02:00:00,126.34
2026-07-16T03:00:00,148.54
2026-07-16T04:00:00,133.53
2026-07-16T05:00:00,137.76
2026-07-16T06:00:00,148.88
2026-07-16T07:00:00,127.39
2026-07-16T08:00:00,127.19
2026-07-16T09:00:00,144.05
2026-07-16T10:00:00,139.89
2026-07-16T11:00:00,132.85
2026-07-16T12:00:00,103.25
2026-07-16T13:00:00,139.54
2026-07-16T14:00:00,117.27
2026-07-16T15:00:00,116.46
2026-07-16T16:00:00,119.93
2026-07-16T17:00:00,108.72
2026-07-16T18:00:00,135.55
2026-07-16T19:00:00,124.77
2026-07-16T20:00:00,131.73
2026-07-16T21:00:00,117.01
2026-07-16T22:00:00,138.13
2026-07-16T23:00:00,144.8
2026-07-17T00:00:00,108.17
2026-07-17T01:00:00,111.55
2026-07-17T02:00:00,116.55
2026-07-17T03:00:00,136.72
2026-07-17T04:00:00,129.25
2026-07-17T05:00:00,126.77
2026-07-17T06:00:00,131.28
2026-07-17T07:00:00,147.77
2026-07-17T08:00:00,106.16
2026-07-17T09:00:00,120.45
2026-07-17T10:00:00,88.28
2026-07-17T11:00:00,125.82
2026-07-17T12:00:00,130.34
2026-07-17T13:00:00,113.28
2026-07-17T14:00:00,122.34
2026-07-17T15:00:00,97.13
2026-07-17T16:00:00,118.58
2026-07-17T17:00:00,140.08
2026-07-17T18:00:00,109.13
2026-07-17T19:00:00,118.65
2026-07-17T20:00:00,108.72
2026-07-17T21:00:00,118.65
2026-07-17T22:00:00,130.64
2026-07-17T23:00:00,126.91
2026-07-18T00:00:00,121.06
2026-07-18T01:00:00,122.62
2026-07-18T02:00:00,112.19
2026-07-18T03:00:00,137.75
2026-07-18T04:00:00,135.5
2026-07-18T05:00:00,113.69
2026-07-18T06:00:00,129.18
2026-07-18T07:00:00,116.32
2026-07-18T08:00:00,120.35
2026-07-18T09:00:00,132.79
2026-07-18T10:00:00,133.01
2026-07-18T11:00:00,128.07
2026-07-18T12:00:00,115.41
2026-07-18T13:00:00,121.72
2026-07-18T14:00:00,106.66
2026-07-18T15:00:00,122.3
2026-07-18T16:00:00,113.11
2026-07-18T17:00:00,107.85
2026-07-18T18:00:00,105.31
2026-07-18T19:00:00,121.52
2026-07-18T20:00:00,113.71
2026-07-18T21:00:00,111.33
2026-07-18T22:00:00,113.03
2026-07-18T23:00:00,106.65
2026-07-19T00:00:00,132.84
2026-07-19T01:00:00,135.9
2026-07-19T02:00:00,117.93
2026-07-19T03:00:00,123.53
2026-07-19T04:00:00,117.95
2026-07-19T05:00:00,149.57
2026-07-19T06:00:00,142.87
2026-07-19T07:00:00,147.48
2026-07-19T08:00:00,152.0
2026-07-19T09:00:00,137.51
2026-07-19T10:00:00,130.28
2026-07-19T11:00:00,131.22
2026-07-19T12:00:00,120.11
2026-07-19T13:00:00,116.63
2026-07-19T14:00:00,119.36
2026-07-19T15:00:00,120.11
2026-07-19T16:00:00,103.87
2026-07-19T17:00:00,108.29
2026-07-19T18:00:00,108.18
2026-07-19T19:00:00,108.44
2026-07-19T20:00:00,131.04
2026-07-19T21:00:00,121.85
2026-07-19T22:00:00,125.15
2026-07-19T23:00:00,133.35
2026-07-20T00:00:00,151.06
2026-07-20T01:00:00,148.75
2026-07-20T02:00:00,163.24
2026-07-20T03:00:00,146.8
2026-07-20T04:00:00,149.25
2026-07-20T05:00:00,140.66
2026-07-20T06:00:00,126.23
2026-07-20T07:00:00,147.2
2026-07-20T08:00:00,154.68
2026-07-20T09:00:00,135.52
2026-07-20T10:00:00,136.32
2026-07-20T11:00:00,150.63
2026-07-20T12:00:00,137.67
2026-07-20T13:00:00,126.31
2026-07-20T14:00:00,124.44
2026-07-20T15:00:00,141.06
2026-07-20T16:00:00,131.69
2026-07-20T17:00:00,131.29
2026-07-20T18:00:00,117.97
2026-07-20T19:00:00,139.12
2026-07-20T20:00:00,146.39
2026-07-20T21:00:00,132.54
2026-07-20T22:00:00,142.78
2026-07-20T23:00:00,135.67
2026-07-21T00:00:00,153.43
2026-07-21T01:00:00,154.07
2026-07-21T02:00:00,145.9
2026-07-21T03:00:00,127.86
2026-07-21T04:00:00,143.18
2026-07-21T05:00:00,156.0
2026-07-21T06:00:00,161.68
2026-07-21T07:00:00,144.58
2026-07-21T08:00:00,164.86
2026-07-21T09:00:00,165.01
2026-07-21T10:00:00,154.51
2026-07-21T11:00:00,132.47
2026-07-21T12:00:00,150.92
2026-07-21T13:00:00,135.44
2026-07-21T14:00:00,133.35
2026-07-21T15:00:00,143.72
2026-07-21T16:00:00,142.74
2026-07-21T17:00:00,142.8
2026-07-21T18:00:00,145.27
2026-07-21T19:00:00,138.15
2026-07-21T20:00:00,123.99
2026-07-21T21:00:00,164.33
2026-07-21T22:00:00,138.87
2026-07-21T23:00:00,137.19
2026-07-22T00:00:00,128.64
2026-07-22T01:00:00,145.41
2026-07-22T02:00:00,145.62
2026-07-22T03:00:00,145.05
2026-07-22T04:00:00,163.56
2026-07-22T05:00:00,154.56
2026-07-22T06:00:00,135.87
2026-07-22T07:00:00,169.15
2026-07-22T08:00:00,128.51
2026-07-22T09:00:00,142.41
2026-07-22T10:00:00,133.91
2026-07-22T11:00:00,144.15
2026-07-22T12:00:00,145.2
2026-07-22T13:00:00,131.93
2026-07-22T14:00:00,146.54
2026-07-22T15:00:00,136.03
2026-07-22T16:00:00,149.2
2026-07-22T17:00:00,143.11
2026-07-22T18:00:00,127.96
2026-07-22T19:00:00,145.48
2026-07-22T20:00:00,127.93
2026-07-22T21:00:00,143.42
2026-07-22T22:00:00,144.06
2026-07-22T23:00:00,134.45
2026-07-23T00:00:00,109.07
2026-07-23T01:00:00,149.0
2026-07-23T02:00:00,138.84
2026-07-23T03:00:00,135.6
2026-07-23T04:00:00,136.29
2026-07-23T05:00:00,147.04
2026-07-23T06:00:00,160.1
2026-07-23T07:00:00,145.27
2026-07-23T08:00:00,138.23
2026-07-23T09:00:00,135.83
2026-07-23T10:00:00,134.94
2026-07-23T11:00:00,118.03
2026-07-23T12:00:00,133.64
2026-07-23T13:00:00,111.05
2026-07-23T14:00:00,128.84
2026-07-23T15:00:00,117.66
2026-07-23T16:00:00,131.65
2026-07-23T17:00:00,126.08
2026-07-23T18:00:00,118.29
2026-07-23T19:00:00,111.76
2026-07-23T20:00:00,140.27
2026-07-23T21:00:00,124.58
2026-07-23T22:00:00,146.41
2026-07-23T23:00:00,115.6
2026-07-24T00:00:00,119.41
2026-07-24T01:00:00,99.17
2026-07-24T02:00:00,133.73
2026-07-24T03:00:00,135.77
2026-07-24T04:00:00,120.61
2026-07-24T05:00:00,120.3
2026-07-24T06:00:00,122.97
2026-07-24T07:00:00,123.88
2026-07-24T08:00:00,119.21
2026-07-24T09:00:00,135.75
2026-07-24T10:00:00,116.96
2026-07-24T11:00:00,99.39
2026-07-24T12:00:00,115.58
2026-07-24T13:00:00,111.01
2026-07-24T14:00:00,100.78
2026-07-24T15:00:00,116.1
2026-07-24T16:00:00,92.13
2026-07-24T17:00:00,117.27
2026-07-24T18:00:00,112.97
2026-07-24T19:00:00,107.86
2026-07-24T20:00:00,102.61
2026-07-24T21:00:00,100.61
2026-07-24T22:00:00,128.15
2026-07-24T23:00:00,117.03
2026-07-25T00:00:00,103.72
2026-07-25T01:00:00,123.79
2026-07-25T02:00:00,122.41
2026-07-25T03:00:00,142.09
2026-07-25T04:00:00,122.73
2026-07-25T05:00:00,138.27
2026-07-25T06:00:00,124.84
2026-07-25T07:00:00,113.52
2026-07-25T08:00:00,130.55
2026-07-25T09:00:00,137.26
2026-07-25T10:00:00,132.1
2026-07-25T11:00:00,123.71
2026-07-25T12:00:00,129.36
2026-07-25T13:00:00,118.52
2026-07-25T14:00:00,116.06
2026-07-25T15:00:00,97.83
2026-07-25T16:00:00,115.65
2026-07-25T17:00:00,129.66
2026-07-25T18:00:00,95.33
2026-07-25T19:00:00,99.63
2026-07-25T20:00:00,111.61
2026-07-25T21:00:00,101.8
2026-07-25T22:00:00,125.98
2026-07-25T23:00:00,101.32
2026-07-26T00:00:00,138.49
2026-07-26T01:00:00,143.79
2026-07-26T02:00:00,141.46
2026-07-26T03:00:00,135.6
2026-07-26T04:00:00,141.96
2026-07-26T05:00:00,123.61
2026-07-26T06:00:00,138.92
2026-07-26T07:00:00,128.53
2026-07-26T08:00:00,143.98
2026-07-26T09:00:00,140.5
2026-07-26T10:00:00,122.03
2026-07-26T11:00:00,132.94
2026-07-26T12:00:00,131.53
2026-07-26T13:00:00,120.26
2026-07-26T14:00:00,124.23
2026-07-26T15:00:00,128.47
2026-07-26T16:00:00,117.11
2026-07-26T17:00:00,112.15
2026-07-26T18:00:00,124.66
2026-07-26T19:00:00,139.2
2026-07-26T20:00:00,122.35
2026-07-26T21:00:00,121.66
2026-07-26T22:00:00,118.56
2026-07-26T23:00:00,141.79
2026-07-27T00:00:00,151.63
2026-07-27T01:00:00,142.13
2026-07-27T02:00:00,136.57
2026-07-27T03:00:00,137.61
2026-07-27T04:00:00,137.67
2026-07-27T05:00:00,141.89
2026-07-27T06:00:00,140.89
2026-07-27T07:00:00,138.21
2026-07-27T08:00:00,157.45
2026-07-27T09:00:00,161.12
2026-07-27T10:00:00,129.96
2026-07-27T11:00:00,133.79
2026-07-27T12:00:00,127.78
2026-07-27T13:00:00,139.97
2026-07-27T14:00:00,131.24
2026-07-27T15:00:00,122.51
2026-07-27T16:00:00,151.31
2026-07-27T17:00:00,138.26
2026-07-27T18:00:00,122.37
2026-07-27T19:00:00,150.45
2026-07-27T20:00:00,122.42
2026-07-27T21:00:00,143.29
2026-07-27T22:00:00,164.87
2026-07-27T23:00:00,138.7
2026-07-28T00:00:00,143.73
2026-07-28T01:00:00,150.48
2026-07-28T02:00:00,174.61
2026-07-28T03:00:00,167.5
2026-07-28T04:00:00,147.1
2026-07-28T05:00:00,155.56
2026-07-28T06:00:00,162.11
2026-07-28T07:00:00,146.51
2026-07-28T08:00:00,137.63
2026-07-28T09:00:00,160.5
2026-07-28T10:00:00,152.44
2026-07-28T11:00:00,148.47
2026-07-28T12:00:00,155.27
2026-07-28T13:00:00,128.77
2026-07-28T14:00:00,137.33
2026-07-28T15:00:00,167.76
2026-07-28T16:00:00,144.27
2026-07-28T17:00:00,144.7
2026-07-28T18:00:00,139.21
2026-07-28T19:00:00,118.52
2026-07-28T20:00:00,130.93
2026-07-28T21:00:00,151.47
2026-07-28T22:00:00,137.21
2026-07-28T23:00:00,143.17
2026-07-29T00:00:00,145.21
2026-07-29T01:00:00,133.0
2026-07-29T02:00:00,131.12
2026-07-29T03:00:00,146.23
2026-07-29T04:00:00,143.0
2026-07-29T05:00:00,149.82
2026-07-29T06:00:00,131.31
2026-07-29T07:00:00,140.45
2026-07-29T08:00:00,152.76
2026-07-29T09:00:00,176.08
2026-07-29T10:00:00,143.25
2026-07-29T11:00:00,147.45
2026-07-29T12:00:00,143.57
2026-07-29T13:00:00,139.7
2026-07-29T14:00:00,142.48
2026-07-29T15:00:00,123.29
2026-07-29T16:00:00,129.2
2026-07-29T17:00:00,135.64
2026-07-29T18:00:00,122.52
2026-07-29T19:00:00,138.64
2026-07-29T20:00:00,113.95
2026-07-29T21:00:00,145.46
2026-07-29T22:00:00,136.62
2026-07-29T23:00:00,147.78
2026-07-30T00:00:00,141.97
2026-07-30T01:00:00,148.25
2026-07-30T02:00:00,137.19
2026-07-30T03:00:00,116.3
2026-07-30T04:00:00,116.71
2026-07-30T05:00:00,122.41
2026-07-30T06:00:00,143.99
2026-07-30T07:00:00,119.84
2026-07-30T08:00:00,131.61
2026-07-30T09:00:00,128.04
2026-07-30T10:00:00,134.91
2026-07-30T11:00:00,136.94
2026-07-30T12:00:00,128.25
2026-07-30T13:00:00,134.29
2026-07-30T14:00:00,111.88
2026-07-30T15:00:00,134.07
2026-07-30T16:00:00,123.58
2026-07-30T17:00:00,130.25
2026-07-30T18:00:00,116.46
2026-07-30T19:00:00,100.32
2026-07-30T20:00:00,131.35
2026-07-30T21:00:00,123.95
2026-07-30T22:00:00,140.49
2026-07-30T23:00:00,133.78
2026-07-31T00:00:00,154.66
2026-07-31T01:00:00,137.9
2026-07-31T02:00:00,122.68
2026-07-31T03:00:00,109.12
2026-07-31T04:00:00,117.68
2026-07-31T05:00:00,117.19
2026-07-31T06:00:00,121.51
2026-07-31T07:00:00,125.14
2026-07-31T08:00:00,128.86
2026-07-31T09:00:00,138.98
2026-07-31T10:00:00,112.54
2026-07-31T11:00:00,104.98
2026-07-31T12:00:00,127.53
2026-07-31T13:00:00,131.31
2026-07-31T14:00:00,109.77
2026-07-31T15:00:00,125.48
2026-07-31T16:00:00,121.78
2026-07-31T17:00:00,94.28
2026-07-31T18:00:00,106.33
2026-07-31T19:00:00,108.81
2026-07-31T20:00:00,137.09
2026-07-31T21:00:00,122.31
2026-07-31T22:00:00,112.92
2026-07-31T23:00:00,112.65
2026-08-01T00:00:00,104.92
2026-08-01T01:00:00,135.65
2026-08-01T02:00:00,129.76
2026-08-01T03:00:00,133.36
2026-08-01T04:00:00,113.12
2026-08-01T05:00:00,135.59
2026-08-01T06:00:00,124.63
2026-08-01T07:00:00,118.52
2026-08-01T08:00:00,131.01
2026-08-01T09:00:00,110.66
2026-08-01T10:00:00,124.09
2026-08-01T11:00:00,117.33
2026-08-01T12:00:00,130.18
2026-08-01T13:00:00,126.46
2026-08-01T14:00:00,116.16
2026-08-01T15:00:00,117.11
2026-08-01T16:00:00,119.9
2026-08-01T17:00:00,112.98
2026-08-01T18:00:00,104.34
2026-08-01T19:00:00,108.75
2026-08-01T20:00:00,101.79
2026-08-01T21:00:00,126.89
2026-08-01T22:00:00,122.83
2026-08-01T23:00:00,115.67
2026-08-02T00:00:00,123.03
2026-08-02T01:00:00,135.34
2026-08-02T02:00:00,118.69
2026-08-02T03:00:00,123.62
2026-08-02T04:00:00,135.87
2026-08-02T05:00:00,163.17
2026-08-02T06:00:00,141.04
2026-08-02T07:00:00,137.37
2026-08-02T08:00:00,121.3
2026-08-02T09:00:00,122.42
2026-08-02T10:00:00,145.86
2026-08-02T11:00:00,123.99
2026-08-02T12:00:00,127.98
2026-08-02T13:00:00,131.98
2026-08-02T14:00:00,119.36
2026-08-02T15:00:00,117.26
2026-08-02T16:00:00,103.16
2026-08-02T17:00:00,108.52
2026-08-02T18:00:00,128.61
2026-08-02T19:00:00,118.06
2026-08-02T20:00:00,131.39
2026-08-02T21:00:00,108.1
2026-08-02T22:00:00,136.2
2026-08-02T23:00:00,128.71
2026-08-03T00:00:00,125.83
2026-08-03T01:00:00,156.16
2026-08-03T02:00:00,129.76
2026-08-03T03:00:00,158.22
2026-08-03T04:00:00,146.73
2026-08-03T05:00:00,137.49
2026-08-03T06:00:00,167.39
2026-08-03T07:00:00,150.79
2026-08-03T08:00:00,158.54
2026-08-03T09:00:00,148.44
2026-08-03T10:00:00,139.56
2026-08-03T11:00:00,130.49
2026-08-03T12:00:00,136.21
2026-08-03T13:00:00,138.27
2026-08-03T14:00:00,143.96
2026-08-03T15:00:00,129.52
2026-08-03T16:00:00,138.78
2026-08-03T17:00:00,151.36
2026-08-03T18:00:00,134.89
2026-08-03T19:00:00,112.33
2026-08-03T20:00:00,135.56
2026-08-03T21:00:00,135.49
2026-08-03T22:00:00,136.88
2026-08-03T23:00:00,122.59
2026-08-04T00:00:00,149.94
2026-08-04T01:00:00,142.79
2026-08-04T02:00:00,148.96
2026-08-04T03:00:00,161.69
2026-08-04T04:00:00,143.05
2026-08-04T05:00:00,151.09
2026-08-04T06:00:00,149.73
2026-08-04T07:00:00,149.4
2026-08-04T08:00:00,145.19
2026-08-04T09:00:00,144.29
2026-08-04T10:00:00,165.26
2026-08-04T11:00:00,140.31
2026-08-04T12:00:00,146.08
2026-08-04T13:00:00,142.52
2026-08-04T14:00:00,140.68
2026-08-04T15:00:00,144.02
2026-08-04T16:00:00,131.06
2026-08-04T17:00:00,153.2
2026-08-04T18:00:00,127.92
2026-08-04T19:00:00,136.96
2026-08-04T20:00:00,126.87
2026-08-04T21:00:00,151.29
2026-08-04T22:00:00,133.03
2026-08-04T23:00:00,153.35
2026-08-05T00:00:00,144.92
2026-08-05T01:00:00,145.68
2026-08-05T02:00:00,157.51
2026-08-05T03:00:00,139.72
2026-08-05T04:00:00,163.22
2026-08-05T05:00:00,143.09
2026-08-05T06:00:00,151.81
2026-08-05T07:00:00,144.21
2026-08-05T08:00:00,151.97
2026-08-05T09:00:00,132.65
2026-08-05T10:00:00,143.12
2026-08-05T11:00:00,140.27
2026-08-05T12:00:00,143.0
2026-08-05T13:00:00,140.93
2026-08-05T14:00:00,125.51
2026-08-05T15:00:00,148.21
2026-08-05T16:00:00,132.5
2026-08-05T17:00:00,140.93
2026-08-05T18:00:00,119.28
2026-08-05T19:00:00,129.32
2026-08-05T20:00:00,146.9
2026-08-05T21:00:00,154.52
2026-08-05T22:00:00,142.94
2026-08-05T23:00:00,139.17
2026-08-06T00:00:00,119.32
2026-08-06T01:00:00,141.51
2026-08-06T02:00:00,137.6
2026-08-06T03:00:00,109.48
2026-08-06T04:00:00,117.02
2026-08-06T05:00:00,140.17
2026-08-06T06:00:00,126.91
2026-08-06T07:00:00,123.9
2026-08-06T08:00:00,133.04
2026-08-06T09:00:00,136.46
2026-08-06T10:00:00,146.67
2026-08-06T11:00:00,120.08
2026-08-06T12:00:00,132.0
2026-08-06T13:00:00,114.18
2026-08-06T14:00:00,118.54
2026-08-06T15:00:00,124.92
2026-08-06T16:00:00,120.51
2026-08-06T17:00:00,106.87
2026-08-06T18:00:00,127.8
2026-08-06T19:00:00,131.03
2026-08-06T20:00:00,149.98
2026-08-06T21:00:00,127.97
2026-08-06T22:00:00,129.19
2026-08-06T23:00:00,132.48
2026-08-07T00:00:00,107.18
2026-08-07T01:00:00,109.67
2026-08-07T02:00:00,124.5
2026-08-07T03:00:00,101.28
2026-08-07T04:00:00,114.82
2026-08-07T05:00:00,122.03
2026-08-07T06:00:00,138.34
2026-08-07T07:00:00,129.37
2026-08-07T08:00:00,108.66
2026-08-07T09:00:00,123.42
2026-08-07T10:00:00,128.54
2026-08-07T11:00:00,128.11
2026-08-07T12:00:00,129.89
2026-08-07T13:00:00,129.83
2026-08-07T14:00:00,121.43
2026-08-07T15:00:00,119.38
2026-08-07T16:00:00,115.87
2026-08-07T17:00:00,122.34
2026-08-07T18:00:00,104.66
2026-08-07T19:00:00,111.81
2026-08-07T20:00:00,107.52
2026-08-07T21:00:00,121.48
2026-08-07T22:00:00,115.61
2026-08-07T23:00:00,131.47
2026-08-08T00:00:00,122.76
2026-08-08T01:00:00,135.62
2026-08-08T02:00:00,102.19
2026-08-08T03:00:00,118.63
2026-08-08T04:00:00,137.58
2026-08-08T05:00:00,127.72
2026-08-08T06:00:00,138.86
2026-08-08T07:00:00,129.28
2026-08-08T08:00:00,115.09
2026-08-08T09:00:00,143.59
2026-08-08T10:00:00,114.82
2026-08-08T11:00:00,112.05
2026-08-08T12:00:00,127.4
2026-08-08T13:00:00,106.63
2026-08-08T14:00:00,100.94
2026-08-08T15:00:00,105.58
2026-08-08T16:00:00,122.33
2026-08-08T17:00:00,136.61
2026-08-08T18:00:00,113.38
2026-08-08T19:00:00,106.09
2026-08-08T20:00:00,128.79
2026-08-08T21:00:00,109.94
2026-08-08T22:00:00,113.57
2026-08-08T23:00:00,124.91
2026-08-09T00:00:00,143.56
2026-08-09T01:00:00,133.52
2026-08-09T02:00:00,130.33
2026-08-09T03:00:00,160.9
2026-08-09T04:00:00,128.7
2026-08-09T05:00:00,130.16
2026-08-09T06:00:00,131.79
2026-08-09T07:00:00,141.4
2026-08-09T08:00:00,129.04
2026-08-09T09:00:00,141.67
2026-08-09T10:00:00,130.37
2026-08-09T11:00:00,125.56
2026-08-09T12:00:00,121.02
2026-08-09T13:00:00,125.19
2026-08-09T14:00:00,128.9
2026-08-09T15:00:00,122.46
2026-08-09T16:00:00,124.69
2026-08-09T17:00:00,113.37
2026-08-09T18:00:00,114.27
2026-08-09T19:00:00,122.83
2026-08-09T20:00:00,125.35
2026-08-09T21:00:00,126.06
2026-08-09T22:00:00,120.78
2026-08-09T23:00:00,129.94
2026-08-10T00:00:00,142.29
2026-08-10T01:00:00,142.41
2026-08-10T02:00:00,138.06
2026-08-10T03:00:00,152.08
2026-08-10T04:00:00,146.95
2026-08-10T05:00:00,139.06
2026-08-10T06:00:00,145.69
2026-08-10T07:00:00,139.92
2026-08-10T08:00:00,145.21
2026-08-10T09:00:00,159.39
2026-08-10T10:00:00,143.56
2026-08-10T11:00:00,142.29
2026-08-10T12:00:00,153.87
2026-08-10T13:00:00,139.45
2026-08-10T14:00:00,139.75
2026-08-10T15:00:00,135.43
2026-08-10T16:00:00,128.9
2026-08-10T17:00:00,137.82
2026-08-10T18:00:00,151.87
2026-08-10T19:00:00,119.35
2026-08-10T20:00:00,130.0
2026-08-10T21:00:00,127.15
2026-08-10T22:00:00,130.12
2026-08-10T23:00:00,153.6
2026-08-11T00:00:00,145.16
2026-08-11T01:00:00,156.59
2026-08-11T02:00:00,142.79
2026-08-11T03:00:00,144.17
2026-08-11T04:00:00,140.78
2026-08-11T05:00:00,168.11
2026-08-11T06:00:00,160.48
2026-08-11T07:00:00,139.67
2026-08-11T08:00:00,162.64
2026-08-11T09:00:00,145.72
2026-08-11T10:00:00,151.82
2026-08-11T11:00:00,145.48
2026-08-11T12:00:00,127.3
2026-08-11T13:00:00,132.26
2026-08-11T14:00:00,154.77
2026-08-11T15:00:00,149.07
2026-08-11T16:00:00,126.79
2026-08-11T17:00:00,140.08
2026-08-11T18:00:00,135.68
2026-08-11T19:00:00,151.33
2026-08-11T20:00:00,137.67
2026-08-11T21:00:00,132.97
2026-08-11T22:00:00,151.28
2026-08-11T23:00:00,158.12
2026-08-12T00:00:00,146.34
2026-08-12T01:00:00,150.04
2026-08-12T02:00:00,132.08
2026-08-12T03:00:00,132.31
2026-08-12T04:00:00,132.23
2026-08-12T05:00:00,158.88
2026-08-12T06:00:00,142.8
2026-08-12T07:00:00,155.42
2026-08-12T08:00:00,138.58
2026-08-12T09:00:00,143.52
2026-08-12T10:00:00,133.08
2026-08-12T11:00:00,136.47
2026-08-12T12:00:00,119.4
2026-08-12T13:00:00,132.97
2026-08-12T14:00:00,130.52
2026-08-12T15:00:00,115.2
2026-08-12T16:00:00,137.8
2026-08-12T17:00:00,139.21
2026-08-12T18:00:00,125.87
2026-08-12T19:00:00,120.62
2026-08-12T20:00:00,154.07
2026-08-12T21:00:00,139.35
2026-08-12T22:00:00,112.09
2026-08-12T23:00:00,135.43
2026-08-13T00:00:00,123.84
2026-08-13T01:00:00,124.76
2026-08-13T02:00:00,146.25
2026-08-13T03:00:00,138.15
2026-08-13T04:00:00,143.07
2026-08-13T05:00:00,134.8
2026-08-13T06:00:00,145.45
2026-08-13T07:00:00,131.23
2026-08-13T08:00:00,136.74
2026-08-13T09:00:00,138.04
2026-08-13T10:00:00,124.09
2026-08-13T11:00:00,106.01
2026-08-13T12:00:00,108.58
2026-08-13T13:00:00,150.9
2026-08-13T14:00:00,131.14
2026-08-13T15:00:00,130.52
2026-08-13T16:00:00,137.77
2026-08-13T17:00:00,109.52
2026-08-13T18:00:00,114.18
2026-08-13T19:00:00,110.73
2026-08-13T20:00:00,149.96
2026-08-13T21:00:00,114.56
2026-08-13T22:00:00,141.07
2026-08-13T23:00:00,121.89
2026-08-14T00:00:00,123.13
2026-08-14T01:00:00,137.9
2026-08-14T02:00:00,128.56
2026-08-14T03:00:00,125.1
2026-08-14T04:00:00,152.21
2026-08-14T05:00:00,107.33
2026-08-14T06:00:00,116.86
2026-08-14T07:00:00,123.11
2026-08-14T08:00:00,136.85
2026-08-14T09:00:00,118.32
2026-08-14T10:00:00,132.76
2026-08-14T11:00:00,101.31
2026-08-14T12:00:00,131.02
2026-08-14T13:00:00,126.48
2026-08-14T14:00:00,103.34
2026-08-14T15:00:00,113.64
2026-08-14T16:00:00,110.35
2026-08-14T17:00:00,118.03
2026-08-14T18:00:00,126.1
2026-08-14T19:00:00,106.55
2026-08-14T20:00:00,119.28
2026-08-14T21:00:00,119.41
2026-08-14T22:00:00,119.83
2026-08-14T23:00:00,136.33
2026-08-15T00:00:00,123.95
2026-08-15T01:00:00,110.56
2026-08-15T02:00:00,133.53
2026-08-15T03:00:00,144.16
2026-08-15T04:00:00,128.8
2026-08-15T05:00:00,142.37
2026-08-15T06:00:00,122.63
2026-08-15T07:00:00,131.07
2026-08-15T08:00:00,108.17
2026-08-15T09:00:00,117.15
2026-08-15T10:00:00,123.98
2026-08-15T11:00:00,127.62
2026-08-15T12:00:00,123.19
2026-08-15T13:00:00,130.73
2026-08-15T14:00:00,98.34
2026-08-15T15:00:00,130.19
2026-08-15T16:00:00,105.46
2026-08-15T17:00:00,99.56
2026-08-15T18:00:00,124.74
2026-08-15T19:00:00,101.82
2026-08-15T20:00:00,130.76
2026-08-15T21:00:00,92.71
2026-08-15T22:00:00,110.14
2026-08-15T23:00:00,129.97
2026-08-16T00:00:00,138.4
2026-08-16T01:00:00,103.77
2026-08-16T02:00:00,126.93
2026-08-16T03:00:00,116.5
2026-08-16T04:00:00,137.61
2026-08-16T05:00:00,136.88
2026-08-16T06:00:00,133.34
2026-08-16T07:00:00,134.16
2026-08-16T08:00:00,122.07
2026-08-16T09:00:00,124.61
2026-08-16T10:00:00,142.67
2026-08-16T11:00:00,123.69
2026-08-16T12:00:00,120.92
2026-08-16T13:00:00,138.01
2026-08-16T14:00:00,111.01
2026-08-16T15:00:00,139.12
2026-08-16T16:00:00,139.34
2026-08-16T17:00:00,110.72
2026-08-16T18:00:00,132.28
2026-08-16T19:00:00,99.1
2026-08-16T20:00:00,125.15
2026-08-16T21:00:00,114.44
2026-08-16T22:00:00,132.83
2026-08-16T23:00:00,132.61
2026-08-17T00:00:00,138.96
2026-08-17T01:00:00,131.72
2026-08-17T02:00:00,155.32
2026-08-17T03:00:00,146.02
2026-08-17T04:00:00,139.3
2026-08-17T05:00:00,141.67
2026-08-17T06:00:00,146.01
2026-08-17T07:00:00,145.24
2026-08-17T08:00:00,148.59
2026-08-17T09:00:00,154.19
2026-08-17T10:00:00,153.46
2026-08-17T11:00:00,137.58
2026-08-17T12:00:00,142.88
2026-08-17T13:00:00,134.26
2026-08-17T14:00:00,148.33
2026-08-17T15:00:00,132.39
2026-08-17T16:00:00,134.46
2026-08-17T17:00:00,132.61
2026-08-17T18:00:00,138.22
2026-08-17T19:00:00,140.82
2026-08-17T20:00:00,150.27
2026-08-17T21:00:00,149.86
2026-08-17T22:00:00,138.75
2026-08-17T23:00:00,139.67
2026-08-18T00:00:00,144.43
2026-08-18T01:00:00,159.73
2026-08-18T02:00:00,152.82
2026-08-18T03:00:00,178.34
2026-08-18T04:00:00,151.28
2026-08-18T05:00:00,168.95
2026-08-18T06:00:00,168.79
2026-08-18T07:00:00,167.77
2026-08-18T08:00:00,146.45
2026-08-18T09:00:00,147.65
2026-08-18T10:00:00,145.05
2026-08-18T11:00:00,161.17
2026-08-18T12:00:00,138.15
2026-08-18T13:00:00,135.0
2026-08-18T14:00:00,147.51
2026-08-18T15:00:00,124.13
2026-08-18T16:00:00,146.47
2026-08-18T17:00:00,125.23
2026-08-18T18:00:00,133.51
2026-08-18T19:00:00,151.48
2026-08-18T20:00:00,133.81
2026-08-18T21:00:00,144.8
2026-08-18T22:00:00,156.46
2026-08-18T23:00:00,132.51
2026-08-19T00:00:00,143.91
2026-08-19T01:00:00,150.86
2026-08-19T02:00:00,129.61
2026-08-19T03:00:00,134.95
2026-08-19T04:00:00,164.85
2026-08-19T05:00:00,134.71
2026-08-19T06:00:00,143.22
2026-08-19T07:00:00,124.16
2026-08-19T08:00:00,136.54
2026-08-19T09:00:00,152.22
2026-08-19T10:00:00,152.48
2026-08-19T11:00:00,148.8
2026-08-19T12:00:00,137.82
2026-08-19T13:00:00,124.64
2026-08-19T14:00:00,139.53
2026-08-19T15:00:00,128.98
2026-08-19T16:00:00,115.44
2026-08-19T17:00:00,133.21
2026-08-19T18:00:00,147.12
2026-08-19T19:00:00,146.09
2026-08-19T20:00:00,147.98
2026-08-19T21:00:00,139.86
2026-08-19T22:00:00,128.05
2026-08-19T23:00:00,146.6
2026-08-20T00:00:00,132.67
2026-08-20T01:00:00,129.92
2026-08-20T02:00:00,141.57
2026-08-20T03:00:00,140.4
2026-08-20T04:00:00,129.27
2026-08-20T05:00:00,128.99
2026-08-20T06:00:00,123.38
2026-08-20T07:00:00,138.16
2026-08-20T08:00:00,144.16
2026-08-20T09:00:00,126.18
2026-08-20T10:00:00,119.21
2026-08-20T11:00:00,134.61
2026-08-20T12:00:00,144.57
2026-08-20T13:00:00,147.36
2026-08-20T14:00:00,140.65
2026-08-20T15:00:00,122.3
2026-08-20T16:00:00,112.22
2026-08-20T17:00:00,128.58
2026-08-20T18:00:00,121.37
2026-08-20T19:00:00,120.69
2026-08-20T20:00:00,144.94
2026-08-20T21:00:00,140.77
2026-08-20T22:00:00,134.28
2026-08-20T23:00:00,128.08
2026-08-21T00:00:00,122.27
2026-08-21T01:00:00,106.94
2026-08-21T02:00:00,136.92
2026-08-21T03:00:00,140.82
2026-08-21T04:00:00,118.85
2026-08-21T05:00:00,120.59
2026-08-21T06:00:00,137.97
2026-08-21T07:00:00,122.95
2026-08-21T08:00:00,137.85
2026-08-21T09:00:00,115.26
2026-08-21T10:00:00,118.69
2026-08-21T11:00:00,125.96
2026-08-21T12:00:00,114.83
2026-08-21T13:00:00,112.45
2026-08-21T14:00:00,110.72
2026-08-21T15:00:00,121.67
2026-08-21T16:00:00,123.9
2026-08-21T17:00:00,118.5
2026-08-21T18:00:00,105.66
2026-08-21T19:00:00,129.11
2026-08-21T20:00:00,118.02
2026-08-21T21:00:00,128.27
2026-08-21T22:00:00,104.26
2026-08-21T23:00:00,133.17
2026-08-22T00:00:00,118.09
2026-08-22T01:00:00,119.06
2026-08-22T02:00:00,129.87
2026-08-22T03:00:00,103.99
2026-08-22T04:00:00,131.11
2026-08-22T05:00:00,124.46
2026-08-22T06:00:00,142.8
2026-08-22T07:00:00,129.5
2026-08-22T08:00:00,114.44
2026-08-22T09:00:00,115.05
2026-08-22T10:00:00,95.07
2026-08-22T11:00:00,146.97
2026-08-22T12:00:00,90.84
2026-08-22T13:00:00,110.7
2026-08-22T14:00:00,123.32
2026-08-22T15:00:00,130.17
2026-08-22T16:00:00,133.16
2026-08-22T17:00:00,111.98
2026-08-22T18:00:00,118.86
2026-08-22T19:00:00,110.7
2026-08-22T20:00:00,98.1
2026-08-22T21:00:00,105.21
2026-08-22T22:00:00,99.57
2026-08-22T23:00:00,123.8
2026-08-23T00:00:00,127.24
2026-08-23T01:00:00,130.68
2026-08-23T02:00:00,141.63
2026-08-23T03:00:00,138.09
2026-08-23T04:00:00,143.37
2026-08-23T05:00:00,156.25
2026-08-23T06:00:00,127.33
2026-08-23T07:00:00,114.73
2026-08-23T08:00:00,127.8
2026-08-23T09:00:00,130.41
2026-08-23T10:00:00,135.73
2026-08-23T11:00:00,137.04
2026-08-23T12:00:00,115.5
2026-08-23T13:00:00,112.13
2026-08-23T14:00:00,138.99
2026-08-23T15:00:00,126.35
2026-08-23T16:00:00,126.02
2026-08-23T17:00:00,124.8
2026-08-23T18:00:00,123.78
2026-08-23T19:00:00,120.41
2026-08-23T20:00:00,116.23
2026-08-23T21:00:00,119.6
2026-08-23T22:00:00,151.1
2026-08-23T23:00:00,148.99
2026-08-24T00:00:00,152.2
2026-08-24T01:00:00,143.0
2026-08-24T02:00:00,151.45
2026-08-24T03:00:00,130.7
2026-08-24T04:00:00,158.04
2026-08-24T05:00:00,144.67
2026-08-24T06:00:00,147.23
2026-08-24T07:00:00,147.41
2026-08-24T08:00:00,143.21
2026-08-24T09:00:00,152.52
2026-08-24T10:00:00,159.48
2026-08-24T11:00:00,149.5
2026-08-24T12:00:00,138.93
2026-08-24T13:00:00,124.74
2026-08-24T14:00:00,135.42
2026-08-24T15:00:00,132.99
2026-08-24T16:00:00,142.2
2026-08-24T17:00:00,125.8
2026-08-24T18:00:00,123.38
2026-08-24T19:00:00,137.16
2026-08-24T20:00:00,145.15
2026-08-24T21:00:00,138.21
2026-08-24T22:00:00,148.9
2026-08-24T23:00:00,126.11
2026-08-25T00:00:00,152.11
2026-08-25T01:00:00,134.54
2026-08-25T02:00:00,179.47
2026-08-25T03:00:00,166.01
2026-08-25T04:00:00,156.21
2026-08-25T05:00:00,134.57
2026-08-25T06:00:00,136.83
2026-08-25T07:00:00,172.08
2026-08-25T08:00:00,137.34
2026-08-25T09:00:00,154.08
2026-08-25T10:00:00,166.89
2026-08-25T11:00:00,146.13
2026-08-25T12:00:00,129.95
2026-08-25T13:00:00,121.83
2026-08-25T14:00:00,144.09
2026-08-25T15:00:00,126.59
2026-08-25T16:00:00,138.05
2026-08-25T17:00:00,126.07
2026-08-25T18:00:00,131.43
2026-08-25T19:00:00,132.51
2026-08-25T20:00:00,137.05
2026-08-25T21:00:00,133.28
2026-08-25T22:00:00,146.3
2026-08-25T23:00:00,156.01
2026-08-26T00:00:00,138.04
2026-08-26T01:00:00,146.61
2026-08-26T02:00:00,134.94
2026-08-26T03:00:00,129.13
2026-08-26T04:00:00,151.5
2026-08-26T05:00:00,156.99
2026-08-26T06:00:00,126.01
2026-08-26T07:00:00,145.33
2026-08-26T08:00:00,149.93
2026-08-26T09:00:00,146.86
2026-08-26T10:00:00,135.45
2026-08-26T11:00:00,140.59
2026-08-26T12:00:00,148.39
2026-08-26T13:00:00,127.01
2026-08-26T14:00:00,152.08
2026-08-26T15:00:00,118.57
2026-08-26T16:00:00,143.01
2026-08-26T17:00:00,133.49
2026-08-26T18:00:00,127.49
2026-08-26T19:00:00,113.62
2026-08-26T20:00:00,148.12
2026-08-26T21:00:00,126.26
2026-08-26T22:00:00,137.94
2026-08-26T23:00:00,145.32
2026-08-27T00:00:00,157.18
2026-08-27T01:00:00,128.83
2026-08-27T02:00:00,134.79
2026-08-27T03:00:00,139.93
2026-08-27T04:00:00,137.36
2026-08-27T05:00:00,127.95
2026-08-27T06:00:00,152.4
2026-08-27T07:00:00,130.27
2026-08-27T08:00:00,139.33
2026-08-27T09:00:00,130.3
2026-08-27T10:00:00,124.28
2026-08-27T11:00:00,140.6
2026-08-27T12:00:00,130.1
2026-08-27T13:00:00,101.44
2026-08-27T14:00:00,127.26
2026-08-27T15:00:00,115.95
2026-08-27T16:00:00,104.65
2026-08-27T17:00:00,132.42
2026-08-27T18:00:00,113.75
2026-08-27T19:00:00,125.77
2026-08-27T20:00:00,134.15
2026-08-27T21:00:00,122.86
2026-08-27T22:00:00,130.04
2026-08-27T23:00:00,121.65
2026-08-28T00:00:00,134.33
2026-08-28T01:00:00,121.92
2026-08-28T02:00:00,131.32
2026-08-28T03:00:00,143.11
2026-08-28T04:00:00,106.9
2026-08-28T05:00:00,119.96
2026-08-28T06:00:00,125.34
2026-08-28T07:00:00,127.92
2026-08-28T08:00:00,132.13
2026-08-28T09:00:00,137.29
2026-08-28T10:00:00,113.92
2026-08-28T11:00:00,118.03
2026-08-28T12:00:00,130.73
2026-08-28T13:00:00,120.37
2026-08-28T14:00:00,96.46
2026-08-28T15:00:00,94.41
2026-08-28T16:00:00,107.93
2026-08-28T17:00:00,119.15
2026-08-28T18:00:00,119.2
2026-08-28T19:00:00,104.23
2026-08-28T20:00:00,122.51
2026-08-28T21:00:00,119.48
2026-08-28T22:00:00,106.56
2026-08-28T23:00:00,113.71
2026-08-29T00:00:00,100.8
2026-08-29T01:00:00,110.82
2026-08-29T02:00:00,104.69
2026-08-29T03:00:00,109.54
2026-08-29T04:00:00,145.74
2026-08-29T05:00:00,123.1
2026-08-29T06:00:00,107.73
2026-08-29T07:00:00,131.12
2026-08-29T08:00:00,128.55
2026-08-29T09:00:00,125.98
2026-08-29T10:00:00,112.51
2026-08-29T11:00:00,127.1
2026-08-29T12:00:00,106.31
2026-08-29T13:00:00,125.38
2026-08-29T14:00:00,124.89
2026-08-29T15:00:00,113.32
2026-08-29T16:00:00,97.2
2026-08-29T17:00:00,121.9
2026-08-29T18:00:00,106.91
2026-08-29T19:00:00,117.08
2026-08-29T20:00:00,122.81
2026-08-29T21:00:00,107.81
2026-08-29T22:00:00,142.06
2026-08-29T23:00:00,119.84
